<?xml version="1.0" encoding="UTF-8"?>
<project-private xmlns="http://www.netbeans.org/ns/project-private/1">
    <editor-bookmarks xmlns="http://www.netbeans.org/ns/editor-bookmarks/2" lastBookmarkId="1">
        <file>
            <url>src/br/com/a3/view/MenuPrincipalView.java</url>
            <bookmark id="1">
                <name/>
                <line>204</line>
                <key/>
            </bookmark>
        </file>
    </editor-bookmarks>
    <open-files xmlns="http://www.netbeans.org/ns/projectui-open-files/2">
        <group>
            <file>file:/C:/Users/carlo/OneDrive/Área%20de%20Trabalho/Faculdade/modoAviao/src/br/com/a3/view/MenuPrincipalView.java</file>
            <file>file:/C:/Users/carlo/OneDrive/Área%20de%20Trabalho/Faculdade/modoAviao/src/br/com/a3/model/ConexaoBD.java</file>
            <file>file:/C:/Users/carlo/OneDrive/Área%20de%20Trabalho/Faculdade/modoAviao/src/br/com/a3/view/BilheteView.java</file>
            <file>file:/C:/Users/carlo/OneDrive/Área%20de%20Trabalho/Faculdade/modoAviao/src/br/com/a3/view/HistoricoDeReservasView.java</file>
            <file>file:/C:/Users/carlo/OneDrive/Área%20de%20Trabalho/Faculdade/modoAviao/src/br/com/a3/view/PerfilView.java</file>
            <file>file:/C:/Users/carlo/OneDrive/Área%20de%20Trabalho/Faculdade/modoAviao/src/br/com/a3/model/Reserva.java</file>
            <file>file:/C:/Users/carlo/OneDrive/Área%20de%20Trabalho/Faculdade/modoAviao/src/br/com/a3/view/PagamentoView.java</file>
        </group>
    </open-files>
</project-private>
